1,
2,关闭
3,使用
4,可能获得
5,选择一个
6,恭喜获得
7,战力
8,密码错误
9,账号不能为空
10,密码不能为空
11,lv
12,{0}/{1}
13,[{0}]英雄穿戴后，装备属性提升30%
14,请选择服务器
15,竞技场
16,点击选择服务器
17,无角色
18,推荐服务器
19,服务器列表
20,服务器状态提示
21,{0:000}服
22,天前
23,小时前
24,分钟前
25,秒前
93,{0:00}:{1:00}:{2:00}
94,{0:00}:{1:00}
95,{0}
96,{0}天{1}时{2}分{3}秒
97,{0}时{1}分{2}秒
98,{0}分{1}秒
99,{0}秒
101,登录
102,创建
103,请输入账号
104,请输入角色名
105,角色名已存在！
106,当前暂无佣兵！
107,请先通关前一章节
108,点击屏幕开始游戏
109,CLICK THE SCREEN TO START
110,SERVER
111,SELECTED
112,服务器
113,抵制不良游戏，拒绝盗版游戏，注意自我保护，谨防受骗上当，适当游戏益脑，沉迷游戏伤身，合理安排时间，享受健康生活
114,{0}服
115,发送内容不能为空！
116,发送
201,出战\n(主线剧情)
202,任务
203,抽卡
204,商店
205,好友
206,仓库
207,角色
208,要塞
209,FORTERESS
210,城邦
211,CITY
212,野外
213,BATTLEFIELD
214,裂隙
215,时空裂隙
216,领取任务
217,关卡奖励
218,任务刷新
219,{0:00}天{1:00}时
220,{0:00}时{1:00}分
221,{0:00}分{1:00}秒
222,{0:00}秒
223,任务已完成
224,进度达到{0}%可获得任务完成奖励
225,进度
226,探索进度
227,进度奖励预览
228,结束任务
229,已领取
230,当前进度不足{0}%，放弃任务不保存进度，且无法获得任务完成奖励，是否确认放弃？
231,进度已达{0}%，可获得任务完成奖励，若进度达到100%可获得更多随机宝箱奖励，是否确定现在退出？
232,剩余补给值：{0}
250,1.在竞技场中，通过挑战其他玩家获得积分，赢取奖励\n2.每天，每个玩家前两次挑战没有任何消耗，之后的每次挑战需要消耗1枚竞技币\n3.每次挑战获胜后会获得随机奖励，积分上升，挑战失败则积分下降。\n4.每天将根据竞技场积分排名，定时通过邮件为玩家发放每日排名奖励。\n5.竞技场赛季周期为2周，赛季结束时，将根据结算时的排名发放赛季奖励，并且重置所有玩家竞技场积分\n6.新赛季开始后，必须进入竞技场且参加一次挑战后才能参与新赛季排名。
251,未获取到服务器列表，尝试重新获取？
252,暂无排名
253,没有匹配到玩家
254,暂无记录
255,规则说明
256,排名达到{0}后可获得上述奖励
257,竞技券不足，无法挑战
258,快捷购买
280,剧情
281,返回
282,领奖
283,出击
284,通关队伍
285,秘辛
301,确定
302,取消
303,突破升级需要消耗下列材料，是否确定升级?
304,详情
305,技能
306,芯片
307,武器
308,升级
309,佣兵详情
310,佣兵资料
311,全部
312,科技
313,念力
314,强化
315,融合
316,属性详情
317,提示
318,变异
319,战士
320,异能
321,刺客
322,辅助
323,坦克
324,输出
325,控制
326,增益
327,治疗
328,减益
329,法系:火
330,法系:冰
331,法系:电
332,法系:暗
333,法系:毒
334,法系:风
335,法系:光
336,法系:自然
337,物理:挥砍
338,物理:穿刺
339,物理:钝击
340,一键升级
341,前往进化
342,已达等级上限
343,材料不足无法升级
344,职业
345,特性
346,定位
347,伤害
348,确定使用%s个%s购买%s个背包格子？
349,背包达到最大等级
350,货币不足，无法购买
351,战斗力
352,生命
353,攻击
354,防御 
355,解锁等级%s
356,（主动技能）
357,（被动技能）
358,（必杀技)
359,同步佣兵最低等级达到{0}级
401,活动招募
402,特殊招募
403,普通招募
404,支援招募
405,招募
406,招募*10
407,今日已经招募：{0}/{1}次
408,切换特性
421,全部
422,装备
423,道具
424,其他
425,仓库
426,道具信息
427,装备信息
428,装备属性
429,加成特性
430,特性加成
431,拥有数量：{0}
432,物品信息
433,选择{0}个道具
434,可选择数量已达上限
435,请选择想要的奖励
436,使用
437,暂无任何物品
438,可以获得以下奖励
439,一键装备
451,一键进化
452,确认进化
453,取消进化
454,等级上限
455,战力
456,材料不足，无法进化
457,消耗的佣兵中有SSR级的%s，确定继续进化？
458,进化
459,撤销
460,已进化到最高品质
461,材料已足够，无需添加更多材料
462,不是进化材料
463,佣兵进化
464,请选择进化对象
465,佣兵已锁定，不能消耗
466,佣兵已锁定
467,佣兵已解锁
468,智能进化
471,卸下
472,强化
473,替换
474,{0}级
475,已穿戴
476,替换
477,装备替换
478,穿戴
479,装备穿戴
480,暂无可穿戴装备
481,请选择穿戴装备
482,装备强化
483,一键填充
484,确认强化
485,强化等级+{0}
486,已达最大等级
487,暂无强化材料
488,强化等级
489,请选择强化材料
490,金币不足
491,消耗{0}{1}/{2}
492,点击空白处关闭
493,装备详情
501,全能训练
502,科技训练
503,念力训练
504,强化训练
505,融合训练
506,Combined exercise
507,Science exercise
508,Psychic exercise
509,Strengthen exercise
510,Fuse exercise
511,全息模拟
512,每日凌晨0点刷新模拟类型和次数
513,今日剩余{0}次挑战
514,奖励
515,今日剩余挑战次数
516,排行榜
517,挑战记录
518,挑 战
519,当前{0}层
520,{0}层
521,我的排名
522,通关时间
523,玩家等级：
524,战斗报告
525,播放
526,回到第{0}层
527,不能进入，周%s/%s/%s才能进入
528,1.点击前往按钮即可进入对应的训练功能，打败敌人获得丰厚奖励并进入下一层。\n2.每种训练都有格子开放时间，不在开放时间不可进入。\n3.除全能训练以外，其他训练每日都有挑战次数限制，达到次数上限不可再继续挑战。
529,1.全能训练可以上阵所有特性的英雄，击败当前敌人可获得丰富的奖励并进入下一层。\n2.打不过敌人时，试着调整阵容或站位，或者在通关记录里面查看其它玩家的最低战力的通关阵容。
530,1.科技训练只能上阵科技特性的英雄，击败当前敌人可获得丰富的奖励并进入下一层。\n2.打不过敌人时，试着调整阵容或站位，或者在通关记录里面查看其它玩家的最低战力的通关阵容。
531,1.念力训练只能上阵念力特性的英雄，击败当前敌人可获得丰富的奖励并进入下一层。\n2.打不过敌人时，试着调整阵容或站位，或者在通关记录里面查看其它玩家的最低战力的通关阵容。
532,1.强化训练只能上强化技特性的英雄，击败当前敌人可获得丰富的奖励并进入下一层。\n2.打不过敌人时，试着调整阵容或站位，或者在通关记录里面查看其它玩家的最低战力的通关阵容。
533,1.融合训练只能上阵融合特性的英雄，击败当前敌人可获得丰富的奖励并进入下一层。\n2.打不过敌人时，试着调整阵容或站位，或者在通关记录里面查看其它玩家的最低战力的通关阵容。
534,前往
535,每周{0}-{1}-{2}开启
536,通过{0}-{1}解锁
537,层数：
538,未上榜
551,神秘商店
552,公会商店
553,遣散商店
555,重新获取服务器列表
561,MYSTERY STORE
562,GUILD STORE
563,DISBAND STORE
571,<color=#ff9600>通关主线{0}后</color>，{1}将会出现更高级的货物！
572,商店中有你的英雄需要的装备，已经为你标记出来了哟！
573,刷新时间：{0:00}:{1:00}:{2:00}
574,刷新时间：{0:00}天{1:00}小时
575,商店
576,刷新
577,购买提示
578,确认购买
579,属性信息
580,拥有数量
581,刷新商店货物，是否刷新？
582,商品已过期，请重新购买！
583,售罄
601,Complete Chapter To Unlock
602,完成【%s】%s%%解锁
603,通关【{0}】解锁
604,PLOT SELECTION
605,PROGRESS\n{0}%
606,秘辛过往
607,SECRET PAST
608,目标任务
609,TARGET TASK
610,开启秘辛
611,继续探索
612,结束秘辛
613,请选择想要的佣兵
614,记录
615,进度
616,佣兵
617,仓库
618,当前正在探索【%s】，同一时间只能探索1个关卡，继续开启秘辛会关闭当前关卡，是否确定继续？
619,战斗
620,发现敌人
621,关卡阵容
622,GATE LINEUP
623,奖励预览
624,可获得以下奖励
625,GET A REWARD
626,秘辛奖励
627,剩余奖励
628,REMAINING REWARD
629,BUFF选择
630,选择一个BUFF
631,CHOOSE ONE
632,佣兵选择
633,请选择一个佣兵
634,可能获得以下奖励
635,2小时
636,4小时
637,6小时
638,8小时
639,12小时
640,24小时
641,道具数量不足，无法合成
649,刚刚
650,{0}分钟前
651,{0}小时前
652,{0}天前
653,邮件
654,一键删除
655,一键领取
656,领取
657,数量：{0}/{1}
658,暂未收到任何邮件
659,确定删除所有已读邮件？
660,邮件数量已达上限，为了不影响使用，请及时清理邮件
661,{0}分钟后过期
662,{0}小时后过期
663,{0}天后过期
664,信息详情
665,{0}秒前
666,竞技币购买
667,免费
668,保存阵容
669,赛季结束倒计时：
670,{0}天{1}时
671,防守阵容
672,功能暂未开放
673,数据统计
674,调整阵容
675,强化装备
676,英雄升级
677,购买数为0
678,竞技组编号：
679,个人积分
680,战斗记录
681,每日结算倒计时:
682,每日奖励
683,当前排名:
684,赛季奖励
685,我的排名
686,防守战力
687,对方好友申请数量已满
688,对方好友已达上限
689,您所拥有的好友已达上限
690,您已是对方好友
691,今日赠送已达上限
692,今日领取支援点已达上限
693,请勾选需要删除的好友
694,频道{0}-{1}
695,世界频道聊天-频道
696,流畅
697,拥挤
698,爆满
699,维护
701,默认
702,卡里斯
703,七海商会
704,克罗地
705,索兰斯特
706,亚斯赫墨
707,弗雷斯
708,怒海之城
709,奥汀斯顿
710,梅迪亚
800,<color=#00FF00>+%s</color>
801,攻击+%s
802,攻击-%s
803,<color=#FFFFFF>-%s</color>
804,<color=#B22222>-%s</color>
805,<color=#40E0D0>闪避</color>
806,<color=#40E0D0>怒气%s</color>
807,<color=#40E0D0>怒气%s</color>
808,<color=#B22222>timeout%s</color>
809,<color=#40E0D0>怒气%s</color>
810,<color=#FFD700>+%s</color>
811,<color=#FFD700>-%s</color>
812,<color=#FFD700>击退</color>
813,<color=#FFD700>免疫</color>
814,<color=#FFD700>-%s反弹</color>
815,防御
816,防御
817,命中
818,命中
819,闪避
820,闪避
821,暴击
822,暴击
823,韧性
824,韧性
825,急速
826,急速
827,攻击速度
828,攻击速度
829,移动速度
830,移动速度
831,<color=#FFD700>-额外</color>
832,<color=#FFD700>-额外</color>
900,发出联盟召集令，立即获得120分钟的援助收益（只能获得金币、装备、物资、玩家经验除外）
901,价格和次数在每日12重置
902,今日快速援助已经购买完毕，请等待明日继续购买或者升级VIP，增加购买次数
903,当前挂机时间
904,挂机奖励
905,售完
906,领取
907,暂无奖励
908,快速援助成功
909,领取成功
910,小时 
911,分钟
912,秒
913,当前没有奖励可以领取
914,今日剩余次数:
915,世界
916,本地
917,个人
918,公会
919,军团
920,世界聊天-频道
921,是否切换聊天频道：世界聊天-频道
922,频道切换成功
2000,你
2001,艾希
2002,雷莎娜
2003,露娜
2004,十五夜美香
2005,奈奈
2006,妮娜
2007,安
2008,凯斯宾
2009,多莉
2010,键太
2011,史蒂文
2012,梅德
2013,瑞贝卡
2014,卡琳
2015,旁白
2051,眼魔
2052,千眼魔狼
2053,机械人偶
2054,强力铠甲
2055,魔化蛞蝓
2056,人鲨
2057,钢铁甲虫
2058,混沌娘
2059,堕落使者
2060,基拉
2061,巨斧狂人
2062,战地医生
2063,城邦守卫
2064,魔女学徒
2065,云雀姑娘
2066,铃兰少女
2101,艾琳娜
2102,奥克
2103,里昂
2104,贝拉多娜
2105,妮可
2106,薇薇安
2107,九十九伢子
2108,罗莎莉
2109,米露
2110,莉莉
2111,爱理
2112,帕米拉
2113,苏珊娜
2114,戴维斯
2115,直人
2116,壬生龙介
2117,巽
2118,宫本良奈
2119,梅利希斯
2120,克里斯
2121,凯尔
2122,玛利亚
2123,凯瑟琳
2124,莉安娜
2125,萨隆
2126,美美子
2127,千寻
2128,莉亚
2129,海伦
2130,未来
2131,阿西莫夫
2132,肖
2133,沃纳
2134,西格玛
2135,娜塔莎
2136,埃里克
2137,伊尔
2138,西娅
2139,赛琳娜
2140,克利夫
2141,拉德
2142,莉蒂希娅
2143,艾里拉
2144,克莱因
2145,莫德斯特
2146,福斯蒂娜
2147,迦米勒
2148,格莱迪丝
2149,蒂利
2150,海莉
2151,斯蒂芬妮
2152,未知
2153,白团
2501,苍蓝之刃
2502,雷霆
2503,希望之星
2504,紫苑
2505,黑蛾
2506,粉红剪刀
2507,电锯女
2508,白衣绅士
2509,瞬影
2510,能量之源
2511,冰之勇士
2512,冒失女仆
2513,风拳
2514,自然之雨
2551,小怪
2601,森之公主
2602,森林守卫
2603,狮王
2604,黑暗女神
2605,喵喵拳
2606,月之暗面
2607,牙刃
2608,幸运四叶草
2609,小小甜心
2610,花语妹妹
2611,偶像
2612,萌即正义
2613,老板娘
2614,钢铁之握
2615,流星
2616,烈焰之瞳
2617,狂岚
2618,五方之刃
2619,深渊女王
2620,断罪霜凰
2621,不朽龙王
2622,光之圣女
2623,暗影术士
2624,纯白祭司
2625,格斗家
2626,啦啦队长
2627,幻影
2628,不死魔女
2629,化学家
2630,治愈之光
2631,绝对防御
2632,不死斩
2633,湮灭者
2634,心灵骇客
2635,战斗AI
2636,死星
2637,幽灵射手
2638,武装淑女
2639,贞洁
2640,节制
2641,书记官
2642,审判者
2643,大祭司
2644,裁决者
2645,谦逊
2646,宽容
2647,圣战士
2648,慷慨
2649,隐忍
2650,希望
2651,处刑者
2652,大神官
2653,团子
3001,精英之刃
3002,精英头盔
3003,精英铠甲
3004,精英鞋子
3005,旧日大剑
5001,佣兵技能解锁/升级的必要材料
5002,佣兵进化的必要材料
5003,强化装备必用初级道具
5004,强化装备必用中级道具
5005,强化装备必用高级道具
5006,普通招募需要消耗的重要材料
5007,高级招募需要消耗的重要材料
5008,立即获得挂机2小时的合金收益
5009,立即获得挂机4小时的合金收益
5010,立即获得挂机6小时的合金收益
5011,立即获得挂机8小时的合金收益
5012,立即获得挂机12小时的合金收益
5013,立即获得挂机24小时的合金收益
5014,立即获得挂机2小时的突破插件收益
5015,立即获得挂机4小时的突破插件收益
5016,立即获得挂机6小时的突破插件收益
5017,立即获得挂机8小时的突破插件收益
5018,立即获得挂机12小时的突破插件收益
5019,立即获得挂机24小时的突破插件收益
5020,收集60个蓝色英雄碎片，可随机召唤一个NR英雄
5021,收集60个紫色英雄碎片，可随机召唤一个SR英雄
5022,打开后可随机获得一个NR英雄
5023,打开后可随机获得一个SR英雄
5024,打开后可随机获得一个科技特性的NR英雄
5025,打开后可随机获得一个念力特性的NR英雄
5026,打开后可随机获得一个强化特性的NR英雄
5027,打开后可随机获得一个融合特性的NR英雄
5028,打开后可随机获得一个融合特性的NR英雄
5029,进入竞技场的必备之物
5030,用于升级各佣兵的专属装备1-10级
5031,用于升级各佣兵的专属装备11-20级
5032,用于升级科技特性佣兵的专属装备21-30级
5033,用于升级念力特性佣兵的专属装备21-30级
5034,用于升级强化特性佣兵的专属装备21-30级
5035,用于升级融合特性佣兵的专属装备21-30级
5036,用于升级变异特性佣兵的专属装备21-30级
5037,可在专武元件·高级·科技，专武元件·高级·念力，专武元件·高级·强化，专武元件·高级·融合中选择一个
5038,使用后可随机获得专武元件·高级·科技，专武元件·高级·念力，专武元件·高级·强化，专武元件·高级·融合中的一个
5039,立即获得挂机2小时的英雄经验收益
5040,立即获得挂机4小时的英雄经验收益
5041,立即获得挂机6小时的英雄经验收益
5042,立即获得挂机8小时的英雄经验收益
5043,立即获得挂机12小时的英雄经验收益
5044,立即获得挂机24小时的英雄经验收益
6001,游戏内第一流通货币
6002,游戏通用货币，装备强化和佣兵强化都需要它
6003,佣兵升级的刻度指标
6004,消耗支援点数可获得援助资源
6005,账号经验达到指定数量可以提升主角等级
6006,遣散佣兵后返还的货币，可以用于遣散商店兑换物品
6007,解锁参数同步槽位必须的货币
6008,游戏中可使用的道具
6009,游戏中的英雄
6010,游戏装备
6011,玩家头像用以彰显玩家个性和喜好
6012,玩家头像框以彰显玩家个性
6051,冰系战士输出，对前方敌人造成特大冰系伤害，随机冰冻一个敌人，让其在X秒内无法行动
6052,电系强化输出，群体伤害，受到攻击的敌人将在接下来的2秒内陷入麻痹状态
7501,知识的海洋浩瀚无边，一切的力量都融汇在这帽子之中
9001,英雄选择
9002,开始战斗
9003,英雄人数
9004,战斗剩余时间：
9005,自动
9006,退出
9007,重新战斗
9008,继续
9009,注意
9010,筛选
9011,选择英雄时已达到最大上限
9012,不能多选职业时
9013,不能多选相同类型英雄时
9014,不能多选相同职责时
9015,不能多选相同特性时
9016,获得奖励
9017,AWARD
9018,QUIT
9019,P A U S E
9020,退出战斗
9021,已暂停
9022,REDO
9023,CONTINUE
9024,请至少选择一个英雄上阵
9025,失败乃成功之母，请再接再厉
9026,角色等级强化不足，请提升角色等级
9027,角色装备可强化，请强化装备
9028,挑战用时：%02d:%02d
9029,添加查找
9030,好友申请
9031,全部同意
9032,全部忽略
9033,查找
9034,搜索对象不能为空
9035,申请数量
9036,同意
9037,忽略
9038,申请
9039,申请成功
9040,赠送成功
9041,领取成功
9042,在线
9043,已发送
9044,一键获得和赠送
9045,添加好友
9046,管理好友
9047,移除
9048,黑名单
9049,删除好友
9050,全部移除
9051,删除
9052,黑名单数量:
9053,支援点数
9054,好友
9055,服务器：
9056,主线关卡：
9057,每日赠送上限:
9058,好友数量:
9059,请输入玩家名字或数字账号
9060,好友规则
9061,1.最多可以添加40名好友\n2.每天最多可以向20名好友赠送支援点\n3.每天最多可以领取40点支援点\n4.获得的支援点可以进行支援招募
9062,加入黑名单后，将解除好友关系，并且不能接收聊天消息和好友申请，是否确定将选中的玩家加入黑名单？
9063,删除好友后将解除好友关系并从好友列表中剔除，是否确定删除选中的好友？
9064,申请列表为空
9065,移除黑名单
9066,聊天
9067,搜索对象不能为空
9068,成功加入黑名单
10001,Ashe
10002,Reshana
10003,Luna
10004,Elena
10005,Oak
10006,Lion
10007,Belladona
10008,Niko
10009,Vivian
10010,Yako
10011,Rosali
10012,Duoduo
10013,Liliya
10014,Ali
10015,Pamila
10016,Susana
10017,Davice
10018,Naoto
10019,Rusuke
10020,Tazumi
10021,Miyamoto
10022,Melicis
10023,Chris
10024,Karl
10025,Maria
10026,Katherine
10027,Lyanna
10028,Salon
10029,Mimiko
10030,Chihiro
10031,Liya
10032,Helen
10033,Milai
10034,Asimov
10035,Shaw
10036,Warna
10037,Sigma
10038,Natasha
10039,Eric
10040,Eal
10041,Thea
10042,Selena
10043,Clif
10044,Lad
10045,Dilythea
10046,Elyna
10047,Klein
10048,Modest
10049,Forstina
10050,Gamila
10051,Gladys
10052,Tily
10053,Hely
10054,Stephanie
10055,Unknown
10056,Mika
10057,Nana
10058,Nina
10059,Ann
10060,Caspian
10061,Dori
10062,Kenta
10063,Steven
10064,Maid
10065,Rebecca
10066,Caline
10067,Maruko
30001,安身之地
30002,森之守护
30003,傲娇的富家小姐
30004,森之公主的请求
30005,被控制的狮王
30006,节制之克利夫
30007,寻找同伴
30008,光之圣女玛利亚
30009,修女院的孩子们
30010,不死魔女
30011,强敌！修女院被袭！
30012,宽容之福斯蒂娜
30013,索兰斯特城
30014,迷糊的两人
30015,狼女伢子
30016,纯白祭司莉安娜
30017,暗影三人组
30018,腐坏的索兰斯特
30019,亚斯赫墨城
30020,莉亚的故乡
30021,精神错乱的城民
30022,时间掌控者
30023,贞洁铁壁赛琳娜
30024,古怪少女西娅
30025,奥汀莱顿学院
30026,美美子的请求
30027,爆炸的实验室
30028,克里斯现身
30029,断罪之刃
30030,谦虚之莫德斯特
30031,怒海之城
30032,绝对防御
30033,西装红发的女人
30034,财阀贵公子沃纳
30035,光刃连斩！剑刃交锋！
30036,希望之海莉
30037,卡里斯城
30038,故人重逢
30039,小贵族帕米拉
30040,军防部的警告
30041,危机！军防部遇袭！
30042,隐忍之蒂利
30043,墨比休斯城
30044,热血红毛笨蛋
30045,盗窃的真相
30046,演唱会的骚动
30047,传奇的女人
30048,审判者莉蒂希娅
30049,星耀研究院
30050,熟悉的感觉
30051,有针对的攻击
30052,相似的气息
30053,被抛弃的孩子
30054,大祭司艾里拉
30055,心灵骇客
31001,要塞被毁，为了重建城邦，你们几经周折终于找到了一处安身之地，然而很快，你们遇到了森海之城的巡逻队，他们将你们看作是入侵者而发起攻击，到底能不能在此安身，一切都还是未知数……
31002,森海巡逻队的队长竟然是一只可爱傲娇的小猫咪，她看上去似乎敌意很重的样子，真是令人头疼的孩子啊，要怎么样她才能相信你们没有恶意呢？
31003,和妮可的交手引来了森之守护奥克，他的力量很强大，看上去非常冷静可靠，或许能和他聊聊，可是他为什么拿出了武器？难道又要免不了一战！
31004,和奥克的切磋胜出，得到了他的允许，你们可以在这里安身，但建造和发展城邦需要各种资源，你们只能深入野外去寻找了，野外的变异者遍地都是，你们得一边找资源一边清理变异者，嗯？前面有人受伤了，好像是个小姑娘…
31005,艾琳娜公主突然召见，说是有事情要拜托，是个棘手的任务呢，可是公主承诺说只要完成了任务，城邦的建造资源她可以提供，是个很不错的提议，那么就接下吧，开始我们的第一次委托任务！
31006,森海失踪了许多村民，连公主的贴身护卫--狮王里昂都失踪了，你们寻找了很久，总算是找到了他们的踪迹，可他们的状态好像都不太正常，好像被什么控制了一样，等等！他们向这边发起进攻了！
31007,节制？天罚？这个身上插着尖刺的绷带男真是浑身上下都透着一股诡异的气息，口中滔滔不绝地念叨着神的旨意和罪孽，看上去就不好对付啊，这可怎么办？嗯？有一股熟悉的力量涌来，绷带男的力量被封印了！快趁此机会出手！
31008,属于克里斯的冰刺为什么会出现在森海中，追随着克里斯的气息，你们来到了森林深处……
31009,在森林中偶遇美丽的修女玛利亚，从她口中得知，克里斯正被教会的人讨伐，你们想要进一步追问关于讨伐队的信息，却被因变异者的突袭而中断
31010,野外的因子浓度越来越强，你们跟随玛利亚来到了修女院，见到了修女院中可爱的孩子们
31011,在带孩子们出去寻找食物的时候，偶遇魔女莉亚，她警惕性很高，对你们的敌意好像很重……
31012,修女院突然遭遇突袭！玛利亚和孩子们都受到了不同程度的伤害！修女院周围的因子浓度也逐渐升高，更多的高级变异者蜂拥而至，危机爆发！
31013,有着蛞蝓身体的女人，看上去温和的微笑，却让人忍不住背脊发寒，自称宽容的女人，又将带来怎样的灾难！
31014,要塞受到变异者的袭击，原来的城邦荡然无存，为了给居民们寻找一个安身之处，我们来到了一座陌生的森林之中……
31015,要塞受到变异者的袭击，原来的城邦荡然无存，为了给居民们寻找一个安身之处，我们来到了一座陌生的森林之中……
31016,要塞受到变异者的袭击，原来的城邦荡然无存，为了给居民们寻找一个安身之处，我们来到了一座陌生的森林之中……
31017,要塞受到变异者的袭击，原来的城邦荡然无存，为了给居民们寻找一个安身之处，我们来到了一座陌生的森林之中……
31018,要塞受到变异者的袭击，原来的城邦荡然无存，为了给居民们寻找一个安身之处，我们来到了一座陌生的森林之中……
31019,要塞受到变异者的袭击，原来的城邦荡然无存，为了给居民们寻找一个安身之处，我们来到了一座陌生的森林之中……
31020,要塞受到变异者的袭击，原来的城邦荡然无存，为了给居民们寻找一个安身之处，我们来到了一座陌生的森林之中……
31021,要塞受到变异者的袭击，原来的城邦荡然无存，为了给居民们寻找一个安身之处，我们来到了一座陌生的森林之中……
31022,要塞受到变异者的袭击，原来的城邦荡然无存，为了给居民们寻找一个安身之处，我们来到了一座陌生的森林之中……
31023,要塞受到变异者的袭击，原来的城邦荡然无存，为了给居民们寻找一个安身之处，我们来到了一座陌生的森林之中……
31024,要塞受到变异者的袭击，原来的城邦荡然无存，为了给居民们寻找一个安身之处，我们来到了一座陌生的森林之中……
31025,要塞受到变异者的袭击，原来的城邦荡然无存，为了给居民们寻找一个安身之处，我们来到了一座陌生的森林之中……
31026,要塞受到变异者的袭击，原来的城邦荡然无存，为了给居民们寻找一个安身之处，我们来到了一座陌生的森林之中……
31027,要塞受到变异者的袭击，原来的城邦荡然无存，为了给居民们寻找一个安身之处，我们来到了一座陌生的森林之中……
31028,要塞受到变异者的袭击，原来的城邦荡然无存，为了给居民们寻找一个安身之处，我们来到了一座陌生的森林之中……
31029,要塞受到变异者的袭击，原来的城邦荡然无存，为了给居民们寻找一个安身之处，我们来到了一座陌生的森林之中……
31030,要塞受到变异者的袭击，原来的城邦荡然无存，为了给居民们寻找一个安身之处，我们来到了一座陌生的森林之中……
31999,EXPLORE_TEST
32000,测试专用地图
32001,断罪之刃--克里斯
32002,钢铁之握的故事
32003,喵喵妮可
32004,断罪之刃--克里斯
33001,守卫珍贵资源的机械人偶，只有打败他，才能拿到必须的资源。
33002,经过教会强化后的铠甲怪物，专门用来镇守教会存放的物资。
33003,在诱发因子的作用下与鲨鱼融合而成的半人半鱼的怪物，他们低智且残暴，被他们抓到难逃被吃的噩运。
33004,不知和什么东西作用而成的怪物，她的眼睛有着诡异的力量，及时铲除是最明智的选择。
33005,会吐黏液的软体怪物，小心，它的黏液会限制人的行动。
33006,七美德之隐忍，别因为她小巧的身体低估她的实力，她的速度和攻击力可以让你瞬间毙命！
secret_1001,要塞受到变异者的袭击，原来的城邦荡然无存，为了给居民们寻找一个安身之处，我们来到了一座陌生的森林之中……
secret_1002,捡到了一个宝箱
secret_1003,杀死了一个怪物
40001,无所畏惧
40002,治愈能量
40003,能量力场
40004,神圣打击
40005,恶魔陷阱
41001,念力系所有佣兵攻击力提升3%
41002,战斗结束后，所有上阵且还存活的佣兵恢复5%最大生命值
41003,战斗中，每上阵一个强化系佣兵，所有上阵佣兵的防御力提升3%
41004,战斗15秒后，随机1个敌方佣兵降下神圣打击，对其造成伤害
41005,战斗开始时，陷阱启动，使敌方所有佣兵定身2秒
42001,头像修改成功
42002,头像框修改成功
42003,改名成功
42004,没有选中英雄
42005,阵容设置成功
42006,阵容数量最大了
42007,输入新名字
42008,长度不能为0
42009,长度最大为{0}
42010,暂未解锁
42011,复制
42012,VIP等级
42013,所在服务器
42014,当前主线章节
42015,所在公会
42016,数字账号
42017,个人信息
42018,成就
42019,设置
42020,修改昵称
42021,标签栏
42022,头像
42023,这个玩家很懒什么都没有写
42024,消耗{0}个能量核心
42101,回收实验室
42102,请选择想要回收的佣兵
42103,觉醒者重置
42104,觉醒者遣散
42105,觉醒者回退
42106,未解锁
42107,OPTION1
42108,OPTION2
42109,OPTION3
42110,{0}/{1}可回退数
42111,只有拥有SR2及以上的佣兵才能回退，回退会返回所有升级材料，以及用于突破的所有卡片
42112,返\n还\n材\n料
42113,回退
42114,重置
42115,遣散
42116,一键选择
42117,遣散佣兵将返还大量回收币，以及全部培养资源，只有R品质的觉醒者才能进行遣散
42118,遣散返还
42119,重置佣兵将返还初始佣兵和全部培养资源
42120,玩法说明
42121,背景了解
42122,花费
42123,对佣兵进行{0}，是否确认{0}？
42124,当前拥有
42125,1.可以花费能量核心对佣兵进行重置获得资源\n2.重置完成后，佣兵回到初始等级，装备和升级所用道具返还到仓库，经验等货币则返还到货币栏中
42126,1.可以对NR品质的英雄进行遣散，其他品质不可遣散\n2.遣散后被消耗的佣兵会消失，但是这些佣兵身上的装备，培养他们消耗的合金，经验和突破材料会返回到仓库中
42127,1.拥有两个及以上同名且品质高于SR的指定级佣兵解锁此功能，其中品阶较低的佣兵可被回退\n2.回退佣兵将返还进化必须消耗的同名佣兵，以及进阶时消耗的等额同特性稀有品质佣兵
42128,{0}不足
42129,功能未开放，请先通关主线1-1
42130,消耗
42131,NR佣兵概率：54.69%\n R佣兵概率：43.7%\n SR佣兵概率：4.61%
42132,能量核心不足，是否前往购买？
42133,特性卡池抽奖券不足，是否前往礼包商城购买？
42134,是否确认购买？
42135,招募次数不足
42136,剩余时间
42137,已激活
42138,未激活
42139,激活
42140,切换
42141,激活特性奖池，是否确认激活？
42142,招募结果
42143,再抽一次
42144,再抽十次
42145,今日召唤次数已达上限
42146,概率提供
42147,招募说明
42148,总概率
42149,<color=#0CDE6A>N卡</color>：{0}%
42150,<color=#0BC5DD>R卡</color>：{0}%
42151,<color=#AD62FF>SR卡</color>：{0}%
42152,紫色觉醒者
42153,头像
42154,名称
42155,定位
42156,羁绊推荐
42157,绿色觉醒者
42158,蓝色觉醒者
42159,1.消耗招募券进行招募\n2.不同奖池需要的招募券类型不同\n3.招募总次数每个奖池不共享
42160,1.消耗友情点进行招募\n2.友情点可通过与玩家互动获得\n3.招募总次数为2000次，不与其他奖池共享
42161,1.消耗特性招募券进行招募\n2.不同奖池需要的招募券类型不同\n3.招募总次数为2000次，不与其他奖池共享
42162,机械招募
42163,异能招募
42164,强化招募
42165,融合招募
42166,该佣兵正在同步中，回退后该佣兵不再享受同步等级，是否确认回退？
42167,请先解锁前一个同步槽
42168,按照品质排序
42169,按照特性排序
42170,参数同步
42171,最高等级
42172,最低等级的同步主体决定槽位中佣兵的等级
42173,后冷却结束
42174,确定花费
42175,清除当前CD？
42176,当前不足
42177,，解锁{0}个槽位吗？
42178,槽位中已有该佣兵，是否确定继续放入？
42179,等级还原至
42180,后槽位可以重新放入佣兵
42181,离开槽位后等级将被还原
42182,当前可消耗
42183,任选一个佣兵进行同步
42184,参数同步中不可升级
42185,请前往参数同步进行升级
42186,前往参数同步
42187,，解锁所有槽位吗？
42500,跳过
42501,恭喜获得%s佣兵
42502,无法抵达
42503,暂时无法前往
42504,念力系佣兵扣除50%血量
42505,所有佣兵恢复50%血量
42506,随机复活%s名佣兵成功
42507,全部复活成功
42508,CHOICE
42509,随机商品
42510,任意选择以下商品进行购买
42511,BUYING GOODS
42512,购买
42513,功能未解锁
42514,补给值为0不可行动，请补充补给值
42515,暂无法抵达
42516,是否确认传送？
42517,通关主线1-3解锁2倍速
43000,公会
43001,创建公会
43002,替换
43003,公会名
43004,等级
43005,人数
43006,{0}/{1}
43007,活跃值
43008,请输入公会或者编号
43009,创建公会
43010,刷新
43011,请说点什么吧
43012,公会日志
43013,管理
43014,公会商店
43015,公会活动
43016,会员信息（{0}/{1}）
43017,状态
43018,权限
43019,贡献
43020,离线
43021,在线
43022,会长
43023,长老
43024,会员
43025,%s服
43026,LV.{0}
43027,公会活跃值:
43028,公会人数:
43029,最小入会等级:
43030,编号:
43031,公会认证类型：
43032,公告：
43033,公会成员
43034,活跃度：
43035,选择你喜欢的图标
43036,公会图标
43037,{0}级解锁
43038,未找到相符合的公会
43039,试试创建公会吧！
43040,请选择你中意的公会吧
43041,请输入公会名
43042,加入公会
43043,公会信息
43044,所有人可以加入
43045,需要验证加入
43046,不可加入
43047,申请成功
43048,等级不足
43049,入会申请
43050,修改公告
43051,信息设置
43052,全员邮件
43053,查找公会
43054,退出公会
43055,升级为会长
43056,升级为长老
43057,升级为最强之人
43058,举报
43059,踢出公会
43060,加入黑名单
43061,管理员很懒什么都没有写
43062,弹劾
43063,会员信息
43064,玩家留言：
43065,佣兵阵容
43066,会员权限
43067,撤销长老
43068,撤销最强之人
43069,一个公会最多只能有{0}名{1}
43070,当前只有你一个人在公会退出后公会即将解散，确认退出？
43071,退出公会有一小时的冷却时间，请问是否确认退出？
43072,同意
43073,忽略
43074,全部同意
43075,全部忽略
43076,入会条件
43077,入会等级
43078,确认修改
43079,名称修改
43080,输入新名字
43081,修改公会名，确认修改？
43082,会长从{0}变更为{1}
43083,会长{0}任命{1}为公会长老
43084,{0}任命{1}为最强之人
43086,欢迎{0}进入公会
43087,{0}离开了公会
43088,{0}被{1}踢出了公会
43089,公会{0}活动将于{1}后开启
43090,{0}活动已开启
43091,{0}活动已结束
43092,公会设置
43093,{0}月{1}日
43094,邮件发送过快，请于{0}分钟之后再行发送
43095,公会邮件
43096,全员邮件
43097,请输入内容
43098,您还没有输入内容请输入后再发送
43099,邮件发送成功
43100,最强之人
43101,是否将{0}委任为{1}？
43102,是否撤销{0}的{1}？
43103,您将把会长权利移交给{0}，请问是否移交？
43104,您是否将{0}踢出公会？
43105,您确定要退出公会吗？
43106,尚在公会惩罚中，还有{0}:{1}可以再次加入公会
50001,拾取10个小资源宝箱
50002,拾取1个大资源宝箱
50003,击败人鲨3个
50004,击败眼魔3个
50005,击败蛞蝓3个
50006,摧毁机械人偶2个
50007,击败精英怪物3个
50008,击败人鲨4个
50009,击败眼魔5个
50010,击败蛞蝓5个
50011,摧毁人偶5个
50012,拾取8个小资源宝箱
50013,击败眼魔2个
50014,击败强力铠甲2个
50015,摧毁机械人偶2个
50016,消灭魔化蛞蝓2个
50017,消灭眼魔1个
50018,拾取小宝箱6个
50019,拾取大宝箱1个
50020,斩杀编号21小怪2个
50021,斩杀编号22小怪2个
50022,斩杀编号23小怪2个
50023,斩杀2个小怪12
50024,斩杀2个小怪13
50025,斩杀2个小怪14
50026,斩杀2个小怪15
50027,斩杀2个小怪16
50028,斩杀2个小怪17
50029,斩杀2个小怪18
50030,斩杀2个小怪19
50031,斩杀1个精英怪20
50032,拾取8个小宝箱
50033,拾取1个大宝箱
50034,斩杀1个小怪2
50035,斩杀1个小怪3
50036,斩杀1个小怪4
50037,斩杀1个小怪5
50038,拾取7个小宝箱
70000,幽暗森林
70001,寒夜冰霜
70002,诡异荒漠
70003,霜凰之乡
80000,外面好像有情况，快过去看看吧
80001,点击镂空区域，选中当前章节
80002,点击出击按钮，开始战斗吧！
80003,点击佣兵上阵
80004,拖动佣兵到箭头所指位置
80005,怒气集满可以释放必杀技能
80006,抽卡可获得新佣兵
80007,恭喜获得新佣兵，快去看看吧！
80008,升级佣兵提升属性
80009,选择穿戴装备试试看吧
80010,这把武器趁不趁手呢，试试就知道了！
80011,有支援资源可领取，看看都有些什么吧！
80012,点击领取支援奖励
80013,秘辛记载的过往让人忍不住想要了解，快去看看吧。
80014,城邦中有许多可以增强自身实力的地方。
80015,佣兵进化可大幅提升佣兵实力！
80016,点击空白处关闭弹窗
80017,选择可以进化的佣兵
80018,选择需要消耗的佣兵
80019,点击进化
80020,不知道什么时候，时空被划开了一道裂隙，那里有什么？真令人好奇。
80021,得到了不少强化元件，可以强化装备了！
80022,任务分品质，品质越高，任务的奖励越丰厚，快来领取任务吧！
80023,全息模拟中有大量变异者信息可供训练！
80024,每种类型训练层数越高难度越大，对应的奖励也越丰富哦！
80025,在竞技场中玩家可自由进行切磋！
80026,点击挑战按钮可查看挑战对手哦！
80027,参数同步可批量提升佣兵等级哦！快去试试吧！
80028,点击添加佣兵进入同步槽
80029,回收实验室可对不同佣兵进行不同的处理
80030,选择需要重置的佣兵，可预览重置后返回的材料
80031,低级佣兵可直接遣散
80032,佣兵回退开放，快去看看吧！
80033,公会功能开放，快去找找看有没有合适的公会吧！
80034,只有较低品质的可以回退，点击查看回退材料预览
80035,回退后的佣兵品质降低，且等级重置
80036,佣兵回退后返回的进化材料
80037,重置后的佣兵回退到1级
80038,这里可预览重置后返回的材料
100000,妮可普通攻击
100001,妮可影分身
100002,妮可重击
100003,肉球力量
100004,妮可决胜爪
100005,妮可决胜爪
100006,艾琳娜普通攻击
100007,树灵之力
100008,精灵启示
100009,自然之力
100010,精灵壁垒
100011,精灵壁垒假timeline
100012,格莱迪丝普通攻击
100013,慷慨鞭笞
100014,慷慨之触
100015,慷慨领域
100016,死亡刑狱
100017,死亡刑狱大招假timeline
100018,格莱迪丝召唤小怪普通攻击
100019,海伦普通攻击
100020,腐蚀药剂
100021,黑暗药剂
100022,化学家
100023,化学风暴
100024,化学风暴timeline
100025,史蒂芬妮普通攻击
100026,镰刀风刃
100027,风刃束缚
100028,极限处刑
100029,死镰收割
100030,死镰收割timeline
100031,蒂利普通攻击
100032,痛苦折磨
100033,极限闪避
100034,毁灭毒素
100035,命绝瞬间timeline
100036,命绝瞬间
100037,海莉普通攻击
100038,光能转换
100039,神键之光
100040,光明替身
100041,神之键timeline
100042,神之键
100043,未来普通攻击
100044,未来普通攻击/过载
100045,光之惩罚
100046,光之惩罚/过载
100047,治愈之光
100048,治愈之光/过载
100049,模式切换
100050,光之护盾timeline
100051,光之护盾
100052,艾希普通攻击
100053,白霜技能
100054,霜之痕
100055,冰之心
100056,霜寒之心timeline
100057,霜寒之心
100058,克莱因普通攻击
100059,毁灭打击
100060,黑电弹射
100061,溅射
100062,雷灭裁决timeline
100063,雷灭裁决
100064,眼魔普通攻击
100065,石化假timeline
100066,眼棱
100067,石化
100068,魔狼普通攻击
100069,爪击
100070,撕咬
100071,嗜血假TIMEline
100072,嗜血
100073,普通攻击
100074,挥砍
100075,跳劈假TIMEline
100076,跳劈
100077,普通攻击
100078,挑衅
100079,盾之眼TIMEline
100080,盾之眼
100081,蛞蝓普通攻击
100082,迟缓黏液
100083,暗能射线假timeline
100084,暗能射线
100085,人鲨普通攻击
100086,水之穿梭
100087,伊芙琳普通攻击
100088,愈合
100089,精灵祷言
100090,女主光环
100091,生命绽放timeline
100092,生命绽放
100093,LV.%s解锁
101000,
101001,每隔一段时间，妮可于敌方最后一名人员身后制造一个虚影继承自身百分之50%伤害，持续时间X秒（同时只能存在一个）
101002,对前方一名敌人造成140%伤害，并击晕敌人X秒
101003,战斗开始时，大幅提升自己的（50%）攻击力与（30%）攻击速度，每多一个兽人角色双属性再次增加百分之10%
101004,妮可进入爆发状态，爆发状态下高速进行6次爪击（每爪80%伤害），爪击结束后，攻速提升百分之50%持续5秒（分身同时增加）
101005,妮可进入爆发状态，爆发状态下高速进行6次爪击（每爪80%伤害），爪击结束后，攻速提升百分之50%持续5秒（分身同时增加）
101006,
101007,艾琳娜念动咒语召唤树藤进行攻击200px范围内造成120%伤害（直接木藤穿出地下形成突刺）
101008,艾琳娜每Xs念动咒语增加全体攻击力30%，持续xs
101009,出场后，艾琳娜对所有友军进行增幅（小幅）急速11%，艾琳娜阵亡后BUFF效果消失（每多一个自然系角色速度加成提升3%，最多提升9%）
101010,艾琳娜飘起，为己方每一个角色增加绿色护盾吸收攻击力3300%（21858）伤害持续6s，护盾存在期间被击破则给目标恢复护盾100%的血量，护盾自行消失则恢复护盾值20%血量。
101011,艾琳娜飘起，为己方每一个角色增加绿色护盾吸收攻击力3300%（21858）伤害持续6s，护盾存在期间被击破则给目标恢复护盾100%的血量，护盾自行消失则恢复护盾值20%血量。
101012,
101013,格莱蒂丝召唤触手对面前敌人造成矩形范围120%暗系伤害
101014,每隔X秒，对目标旁释放触手衍生物，触手衍生物释放成功后会自动攻击自身300PX范围内敌人，场上最多存在3只触手，触手为实体状态，可以被攻击，无敌效果，不能移动。
101015,格莱蒂斯释放出大型领域800Px范围内，己方所有暗系伤害增加30%（每多一个暗系角色，伤害提升10%，最多提升30%）
101016,格莱蒂丝释放巨大触手挤压敌方战力最强2人（此触手为纯特效效果，不占格子，作为受击特效表现），造成每个触手穿刺造成3段真实伤害目标最大血量5%，10%，15%，伤害结束后敌人眩晕3s
101017,格莱蒂丝释放巨大触手挤压敌方战力最强2人（此触手为纯特效效果，不占格子，作为受击特效表现），造成每个触手穿刺造成3段真实伤害目标最大血量5%，10%，15%，伤害结束后敌人眩晕3s
101018,
101019,
101020,每Xs注射器射出腐蚀试剂，对扇形范围内所有敌人造成腐蚀效果（降低敌方异能防御10%），持续4s，每s造成40%攻击力的毒性伤害.
101021,每Xs注射器射出黑暗试剂，全场随机1个敌人，使敌人普通攻击命中降低40%效果持续5s，每Xs释放一次
101022,进入战斗后提升自身怒气值回复速度12%，
101023,海伦将装有化学药剂的药品丢入场中造成爆炸，对敌方所有敌人造成200%毒性伤害，将敌人身上腐蚀药剂效果变为，极—腐蚀药剂（降低20%异能防御）。当敌人拥有极-腐蚀药剂时，腐蚀药剂效果不生效。
101024,海伦将装有化学药剂的药品丢入场中造成爆炸，对敌方所有敌人造成200%毒性伤害，将敌人身上腐蚀药剂效果变为，极—腐蚀药剂（降低20%异能防御）。当敌人拥有极-腐蚀药剂时，腐蚀药剂效果不生效。
101025,
101026,释放3道扇形风刃，扇形范围内造成150%风系伤害
101027,使用风之力束缚1个敌人，敌人5秒内不能移动，并造成70%风系伤害
101028,史蒂芬妮每杀死一个敌人立即额外回复40%怒气、增加30%攻击速度持续5s
101029,史蒂芬妮对全场敌人进行用风系技能进行聚合，然后进行死亡收割，造成300%
101030,史蒂芬妮对全场敌人进行用风系技能进行聚合，然后进行死亡收割，造成300%
101031,
101032,蒂利每攻击两次对敌人施加一层缓慢毒素造成蒂利单次攻击增加30%伤害，每叠加一层伤害增加30%，最多叠加5层，持续时间为4s，每次施加新的毒素BUFF时间会重置。
101033,蒂利每损失10%血量闪避概率提升8%
101034,蒂利只会找寻敌方最低战力进行攻击，攻击附带30%毁灭毒素，通过毁灭毒素消减的血量在此场战斗中不会恢复（攻击敌方血量上限）
101035,对场中血量最少敌人发起攻击，如果对方血量低于20%则无视防御直接灭杀，超过20%则直接受到蒂利物理攻击500%伤害。（对PVE，BOSS类只能造成500%伤害，）
101036,对场中血量最少敌人发起攻击，如果对方血量低于20%则无视防御直接灭杀，超过20%则直接受到蒂利物理攻击500%伤害。（对PVE，BOSS类只能造成500%伤害，）
101037,
101038,攻击敌人造成100%攻击力伤害，将攻击伤害转化为恢复效果，回复己方血量最少血量队友的生命（恢复值为造成伤害量）
101039,每Xs海莉汲取神之键的力量，使自身治疗量提升100%，持续5s
101040,海莉拥有光之替身，当受到致命伤害时，由替身代替受到伤害，本体往身边移动PX距离。
101041,海莉使用神之键祈祷，为己方所有队友增加200%攻击力血量，并让血量最少的玩家获得无敌护盾持续2s。
101042,海莉使用神之键祈祷，为己方所有队友增加200%攻击力血量，并让血量最少的玩家获得无敌护盾持续2s。
101043,
101044,
101045,释放攻击光束，距离最近2个目标造成120%光系伤害/过载状态下造成200%伤害 
101046,释放攻击光束，距离最近2个目标造成120%光系伤害/过载状态下造成200%伤害 
101047,释放治愈之光，给队伍中血量最少的人员增加，未来攻击力120%血量并且增加该人物10%伤害/过载状态下加血增加80%回复血量，伤害增加10%
101048,释放治愈之光，给队伍中血量最少的人员增加，未来攻击力120%血量并且增加该人物10%伤害/过载状态下加血增加80%回复血量，伤害增加10%
101049,战斗开始后每秒增加10点过载值，当过载值达到100点后，未来会切换为战斗形态，过载值会随着战斗形态的持续每秒消耗10点。
101050,未来释放光子护罩，给所有友方施加一个异能护罩（未来攻击力300%），异能护罩持续时间为6s/过载状态下护罩血量500%，持续恢复20%生命，持续时间增加2s
101051,未来释放光子护罩，给所有友方施加一个异能护罩（未来攻击力300%），异能护罩持续时间为6s/过载状态下护罩血量500%，持续恢复20%生命，持续时间增加2s
101052,
101053,使用冰剑进行单体攻击造成120%伤害
101054,普通攻击有概率施加霜之痕在怪物身上留下霜之痕，霜之痕可以叠加10层，每叠加一层，对方急速下降1%
101055,自身所有攻击会造成20%额外伤害
101056,冰剑插地，无数冰柱从地上穿刺而上，造成80%，100%，120%的范围800Px，600Px，300Px伤害3次，被伤害到的角色如果身上有霜之痕BUFF，则每层额外增加2%伤害，霜之痕BUFF不会被消耗。
101057,冰剑插地，无数冰柱从地上穿刺而上，造成80%，100%，120%的范围800Px，600Px，300Px伤害3次，被伤害到的角色如果身上有霜之痕BUFF，则每层额外增加2%伤害，霜之痕BUFF不会被消耗。
101058,
101059,攻击面前2个敌人造成150%伤害，并对扇形范围内的敌人造成禁疗效果（最多2个）
101060,使用武器激射出电能攻击面前的3个敌人，分别造成145%的电系伤害
101061,克莱因的普通攻击会造成溅射效果，造成攻击效果的30%
101062,用剑吸收天上的雷电，并以雷电的速度穿刺敌人，造成方形范围800px，500%物理伤害
101063,用剑吸收天上的雷电，并以雷电的速度穿刺敌人，造成方形范围800px，500%物理伤害
101064,分身血量额外增加20%
101065,分身攻速额外增加21%
101066,分身攻击额外增加22%
101067,分身防御额外增加50%
101068,重击伤害增加10%
101069,重击伤害增加20%
101070,重击眩晕时间增加1s，总时间变为9s
101071,重击眩晕时间增加2s，总时间变更为11s
101072,肉球力量攻击效果增幅提升10%
101073,肉球力量攻击效果增幅提升10%
101074,肉球力量攻击效果增幅提升10%
101075,肉球力量攻击速度效果增幅提升10%
101076,妮可决胜爪的攻击力提升50%
101077,妮可决胜爪的攻击力提升100%
101078,妮可决胜爪的暴击概率提升20%
101079,妮可决胜爪的暴击概率提升50%
